Email,Name,Address of Correspondence,Mobile,PhD Stream,PhD Area Preference 1,PhD Area Preference 2,PhD Area Preference 3,Gender,Category,Physically Disabled,DOB,Children/War Widows of Defence Personnel killed/Disabled in Action,Father's Name,Nationality,Permanent Address,Pin Code,Xth Board,Xth Marks (%),Year of Passing Xth,XIIth Board,XIIth Marks (%),Year of Passing XIIth,Graduation Degree,Graduation Department,Graduation College,Graduation University,Graduation City,Graduation State,Year of Graduation,Grad CGPA or Marks,Applying for ECE PhD,ECE PhD Subject Preference 1,ECE PhD Subject Preference 2,ECE PhD Subject Preference 3,ECE PhD Subject Preference 4,Completed Post Grad,Post Grad Degree,Post Grad Department,Post Grad College,Post Grad Thesis,Post Grad City,Post Grad State,Year of Post Grad,Post Grad CGPA or Marks,Other Academic Degrees,Exam Name,Subject,Year,Score,Rank,Taken GATE Exam,GATE Area,Year of Graduation,Marks(%),Score,Rank,Achievements,Timestamp,EnrollmentNo
elainaregis@iiitd.ac.in,Elaina Regis,"1-3 Junction St, Carlisle, Cumbria CA2, India",9951354542,Computer Science,Information Security,Data Processing,Mobile Computing,Male,General,No,30-11-85,No,Brady Regis,Indian,"1-3 Junction St, Carlisle, Cumbria CA2, UK",110119,CBSE,75,2001,CBSE,96,2003,B.Tech,Computer Science,IIT-Delhi,IIT,New Delhi,Delhi,2007,CGPA:9.0,No,Information Security,Data Processing,Mobile Computing,,Yes,M.Tech,Computer Science,IIT-Delhi,Random Title,New Delhi,Delhi,2009,CGPA:8.4,,,,,,,Yes,Computer Science And IT,2007,92,966,1111,MTA Certification,2015-Feb-18 04:55:24,PHD1000
berniesebree@iiitd.ac.in,Bernie Sebree,"23 Willerby Ct, Gateshead, Tyne and Wear NE9 7JF, India",9911022043,Electronics and Communication,VLSI,Distributed Systems,Embedded System,Female,SC,No,14-04-86,No,Lou Sebree,Indian,"23 Willerby Ct, Gateshead, Tyne and Wear NE9 7JF, UK",110018,CBSE,71,2002,CBSE,74,2004,B.Tech,Electronics and Communication,IIIT-Hyderabad,IIIT-Hyderabad,Hyderabad,Andhra Pradesh,2008,Marks:75,Yes,VLSI,Distributed Systems,Embedded System,,Yes,M.Tech,Electronics and Communication,IIIT-Hyderabad,Random Title,Hyderabad,Andhra Pradesh,2010,Marks:74,,,,,,,Yes,Electronics and Communication,2008,88,924,1818,,2015-Jul-26 11:05:11,PHD1001
cynthiawhalley@iiitd.ac.in,Cynthia Whalley,"1 Sycamore Grove, Knowbury, Ludlow, Shropshire SY8 3JW, India",9823807309,Computational Biology,Image Processing,Data Processing,Molecular Biology,Male,General,No,09-05-86,No,Son Whalley,Indian,"1 Sycamore Grove, Knowbury, Ludlow, Shropshire SY8 3JW, UK",167801,CBSE,78,2002,CBSE,70,2004,B.Tech,Computer Science,Delhi Technological University,Delhi Technological University,New Delhi,Delhi,2008,CGPA:8.4,No,Image Processing,Data Processing,Molecular Biology,,Yes,M.Tech,Computer Science,Delhi Technological University,Random Title,New Delhi,Delhi,2010,Marks:70,,,,,,,Yes,Computer Science And IT,2008,74,777,6464,,2015-Apr-24 08:28:40,PHD1002
marquettapernell@iiitd.ac.in,Marquetta Pernell,"78 Church Ln, Newington, Sittingbourne, Kent ME9 7JU, India",9421463053,Computer Science,Mobile Computing,,,Male,ST,No,08-07-86,Yes,Rosendo Pernell,Indian,"78 Church Ln, Newington, Sittingbourne, Kent ME9 7JU, UK",961386,ICSE,85,2002,ICSE,92,2004,B.Tech,Information Technology,IT - BHU,IT - BHU,Varanasi,Uttar Pradesh,2008,CGPA:7.8,No,Mobile Computing,Network Security,Data Analytics,Wireless Network,No,,,,,,,,,,,,,,,Yes,Computer Science And IT,2008,76,798,5656,,2015-May-11 14:25:06,PHD1003
guadalupebasch@iiitd.ac.in,Guadalupe Basch,"Mayles Ln, Wickham, Fareham, Hampshire PO17 5NH, India",9938529679,Electronics and Communication,Compilers,VLSI,Embedded System,Male,General,No,08-09-87,No,Orville Basch,Indian,"Mayles Ln, Wickham, Fareham, Hampshire PO17 5NH, UK",750384,CBSE,75,2003,CBSE,74,2005,B.Tech,Electronics and Communication,VJTI,VJTI,Mumbai,Maharashtra,2009,CGPA:7.2,Yes,Compilers,VLSI,Embedded System,,Yes,M.Tech,Electronics and Communication,VJTI,Random Title,Mumbai,Maharashtra,2011,Marks:74,,,,,,,Yes,Computer Science And IT,2009,82,861,3939,,2015-Aug-28 11:55:00,PHD1004
cristobalmeinecke@iiitd.ac.in,Cristobal Meinecke,"71 Brenthouse Rd, London E9 6QD, India",9975933393,Computational Biology,BioSimulations,,,Male,General,No,23-09-87,No,Clayton Meinecke,Saudi,"71 Brenthouse Rd, London E9 6QD, UK",873451,CBSE,96,2003,CBSE,84,2005,B.Tech,Computer Science,Motilal Nehru National Institute of Technology,Motilal Nehru National Institute of Technology,Allahabad,Uttar Pradesh,2009,Marks:72,No,BioSimulations,Molecular Biology,Cell Biology,,Yes,M.Tech,Computer Science,Motilal Nehru National Institute of Technology,Random Title,Allahabad,Uttar Pradesh,2011,Marks:84,,,,,,,No,,2009,81,850,4343,,2015-Mar-08 04:47:09,PHD1005
leticiamasek@iiitd.ac.in,Leticia Masek,"56 Rollesby Rd, Chessington, Greater London KT9 2BZ, India",7879417879,Computer Science,Information Security,,,Female,OBC,No,16-04-88,No,Rolland Masek,Indian,"56 Rollesby Rd, Chessington, Greater London KT9 2BZ, UK",238341,CBSE,82,2004,CBSE,84,2006,B.Tech,Computer Science,MANIT,MANIT,Bhopal,Madhya Pradesh,2010,Marks:80,No,Information Security,Mobile Computing,Image Analysis,,Yes,M.Tech,Computer Science,MANIT,Random Title,Bhopal,Madhya Pradesh,2012,Marks:84,,,,,,,No,,2010,79,829,4747,MCP Certification,2015-Feb-01 16:57:07,PHD1006
theresiahemond@iiitd.ac.in,Theresia Hemond,"8 Bowman Ct, Pocklington, York, East Riding of Yorkshire YO42 2FG, India",9540474455,Electronics and Communication,VLSI,Embedded Systems,,Male,General,No,27-04-88,No,Hassan Hemond,Indian,"8 Bowman Ct, Pocklington, York, East Riding of Yorkshire YO42 2FG, UK",354367,ICSE,76,2004,ICSE,75,2006,B.Tech,Electronics and Communication,IIT-Kharagpur,IIT,Kharagpur,West Bengal,2010,Marks:77,Yes,VLSI,Embedded Systems,Wireless Network,,Yes,M.Tech,Electronics and Communication,IIT-Kharagpur,Random Title,Kharagpur,West Bengal,2012,Marks:75,,,,,,,No,,2010,81,850,4343,,2015-Feb-01 23:29:53,PHD1007
tereasamahler@iiitd.ac.in,Tereasa Mahler,"88 The Uplands, Rogerstone, Newport, Newport NP10 9FE, India",9312237451,Computational Biology,Image Processing,Mathematical Biology,,Female,General,Yes,28-07-88,No,Carlos Mahler,French,"88 The Uplands, Rogerstone, Newport, Newport NP10 9FE, UK",701129,CBSE,96,2004,CBSE,86,2006,B.Tech,Computer Science,College of Engineering,Savitribai Phule Pune University ,Pune,Maharashtra,2010,Marks:69,No,Image Processing,Mathematical Biology,BioSimulations,,Yes,M.Tech,Computer Science,College of Engineering,Random Title,Pune,Maharashtra,2012,Marks:86,,,,,,,No,,2010,83,871,3535,,2015-Jan-13 01:03:36,PHD1008
oliviatew@iiitd.ac.in,Olivia Tew,"12A The Mews, Brixworth, Northampton, Northamptonshire NN6 9AS, India",8652494041,Computer Science,Mobile Computing,Data Processing,Mobile Computing,Male,General,No,03-08-88,No,George Tew,Indian,"12A The Mews, Brixworth, Northampton, Northamptonshire NN6 9AS, UK",153507,State Board,79,2004,State Board,86,2006,B.Tech,Computer Science,PSG College of Technology,Anna University,Coimbatore,Tamil Nadu,2010,Marks:84,No,Mobile Computing,Data Processing,Mobile Computing,,Yes,M.Tech,Computer Science,PSG College of Technology,Random Title,Coimbatore,Tamil Nadu,2012,Marks:86,,,,,,,No,,2010,95,997,101,,2015-May-29 04:14:21,PHD1009
angelikadingle@iiitd.ac.in,Angelika Dingle,"9 Field Rd, Denham, Uxbridge, Buckinghamshire UB9 4HJ, India",9999024521,Electronics and Communication,Compilers,Distributed Systems,Embedded System,Male,SC,No,31-05-89,No,Jewel Dingle,Indian,"9 Field Rd, Denham, Uxbridge, Buckinghamshire UB9 4HJ, UK",925838,CBSE,71,2005,CBSE,82,2007,B.Tech,Electronics and Communication,Bengal Engineering & Science University (BESU),Bengal Engineering & Science University (BESU),Shibput,West Bengal,2011,CGPA:8.4,Yes,Compilers,Distributed Systems,Embedded System,,Yes,M.Tech,Electronics and Communication,Bengal Engineering & Science University (BESU),Random Title,Shibput,West Bengal,2013,Marks:82,,,,,,,No,,2011,75,787,5959,Prime Minister's Scholarship,2015-Jun-11 10:09:37,PHD1010
miyokoscheffel@iiitd.ac.in,Miyoko Scheffel,"4 Darling Ave, Lurgan, Craigavon, Craigavon BT66 8EZ, India",9599775300,Computational Biology,Molecular Mechanics,Data Processing,Molecular Biology,Male,General,No,19-09-89,No,Anibal Scheffel,Indian,"4 Darling Ave, Lurgan, Craigavon, Craigavon BT66 8EZ, UK",615463,ICSE,72,2005,ICSE,95,2007,B.Tech,Information Technology,BIT,BIT,Mesra,Jharkhand,2011,Marks:74,No,Molecular Mechanics,Data Processing,Molecular Biology,,Yes,M.Tech,Information Technology,BIT,Random Title,Mesra,Jharkhand,2013,Marks:85,,,,,,,No,,2011,94,987,505,,2015-Apr-27 00:52:43,PHD1011
santopotts@iiitd.ac.in,Santo Potts,"24 Belmont St, Newtyle, Blairgowrie, Angus PH12 8UE, India",8939033524,Computer Science,Information Security,,,Male,ST,No,03-06-90,No,Rosario Potts,Indian,"24 Belmont St, Newtyle, Blairgowrie, Angus PH12 8UE, UK",273882,ICSE,74,2006,ICSE,96,2008,B.Tech,Information Technology,IIT-Mumbai,IIT,Mumbai,Maharashtra,2012,Marks:70,No,Information Security,Mobile Computing,Data Analytics,,Yes,M.Tech,Information Technology,IIT-Mumbai,Random Title,Mumbai,Maharashtra,2014,Marks:86,,,,,,,No,,2012,71,745,7373,,2015-Jul-11 15:01:21,PHD1012
jenisestirling@iiitd.ac.in,Jenise Stirling,"7 Oak Tree Ave, Edwinstowe, Mansfield, Nottinghamshire NG21 9NF, India",9597767749,Electronics and Communication,VLSI,Embedded Systems,Embedded System,Female,General,No,24-07-90,No,Lyman Stirling,Pakistani,"7 Oak Tree Ave, Edwinstowe, Mansfield, Nottinghamshire NG21 9NF, UK",160748,ICSE,90,2006,ICSE,76,2008,B.Tech,Electronics and Communication,NIT-Surathkal,NIT,Surathkal,Karnataka,2012,Marks:81,Yes,VLSI,Embedded Systems,Embedded System,,Yes,M.Tech,Electronics and Communication,NIT-Surathkal,Random Title,Surathkal,Karnataka,2014,Marks:76,,,,,,,No,,2012,95,997,101,,2015-Mar-15 00:54:08,PHD1013
dixiecollom@iiitd.ac.in,Dixie Collom,"53 Lakeside, Rainham, Greater London RM13 9SN, India",9650826230,Computational Biology,Image Processing,,,Male,General,No,06-01-91,No,Granville Collom,Indian,"53 Lakeside, Rainham, Greater London RM13 9SN, UK",829020,State Board,71,2007,State Board,83,2009,B.Tech,Computer Science,NIT-Warangal,NIT,Warangal,Andhra Pradesh,2013,Marks:74,No,Image Processing,BioSimulations,Mathematical Biology,,Yes,M.Tech,Computer Science,NIT-Warangal,Random Title,Warangal,Andhra Pradesh,2015,Marks:83,,,,,,,Yes,Computer Science And IT,2013,70,735,7474,,2015-May-15 08:58:34,PHD1014
venachacon@iiitd.ac.in,Vena Chacon,"1 Old Station Pl, Ballater, Aberdeenshire AB35 5RG, India",7415173953,Computer Science,Mobile Computing,,,Female,OBC,No,11-05-91,No,Donnie Chacon,Indian,"1 Old Station Pl, Ballater, Aberdeenshire AB35 5RG, UK",757432,ICSE,75,2007,ICSE,97,2009,B.Tech,Computer Science,Harcourt Butler Technological Institute,UPTU,Kanpur,Uttar Pradesh,2013,Marks:84,No,Mobile Computing,Network Security,Image Analysis,,Yes,M.Tech,Computer Science,Harcourt Butler Technological Institute,Random Title,Kanpur,Uttar Pradesh,2015,Marks:97,,,,,,,No,,2013,90,945,1414,,2015-Apr-13 03:20:58,PHD1015
valerihaug@iiitd.ac.in,Valeri Haug,"23 Ward Cl, Great Sankey, Warrington, Warrington WA5 8XY, India",7506939626,Electronics and Communication,Compilers,Embedded Systems,,Male,General,No,24-08-91,No,Domenic Haug,Indian,"23 Ward Cl, Great Sankey, Warrington, Warrington WA5 8XY, UK",674573,CBSE,76,2007,CBSE,92,2009,B.Tech,Electronics and Communication,Netaji Subhas Institute of Technology,Delhi University,New Delhi,Delhi,2013,Marks:84,Yes,Compilers,Embedded Systems,VLSI,,Yes,M.Tech,Electronics and Communication,Netaji Subhas Institute of Technology,Random Title,New Delhi,Delhi,2015,Marks:81,,,,,,,Yes,Electronics and Communication,2013,73,766,6262,,2015-Mar-15 22:51:20,PHD1016
irascally@iiitd.ac.in,Ira Scally,"2 Grinnavat Rd, Shawbost, Isle of Lewis, Na h-Eileanan an Iar HS2 9BL, India",9026662707,Computational Biology,BioSimulations,Mathematical Biology,,Male,General,No,19-10-91,No,Carrol Scally,Nepalese,"2 Grinnavat Rd, Shawbost, Isle of Lewis, Na h-Eileanan an Iar HS2 9BL, UK",868573,State Board,87,2007,State Board,76,2009,B.Tech,Computer Science,IIT-Delhi,IIT,New Delhi,Delhi,2013,Marks:75,No,BioSimulations,Mathematical Biology,Cell Biology,,Yes,M.Tech,Computer Science,IIT-Delhi,Random Title,New Delhi,Delhi,2015,Marks:76,,,,,,,No,,2013,76,798,5353,,2015-Jun-26 19:24:28,PHD1017
bonitaspurrier@iiitd.ac.in,Bonita Spurrier,"12 Oaktree Ave, Derby, Derby DE24 8ES, India",8425023390,Computer Science,Information Security,Data Processing,Mobile Computing,Male,General,No,28-03-91,Yes,Vincent Spurrier,Indian,"12 Oaktree Ave, Derby, Derby DE24 8ES, UK",486808,State Board,86,2007,State Board,79,2009,B.Tech,Computer Science,IIIT-Hyderabad,IIIT-Hyderabad,Hyderabad,Andhra Pradesh,2013,Marks:86,No,Information Security,Data Processing,Mobile Computing,Image Analyis,No,,,,,,,,,,,,,,,No,,2013,75,787,5454,,2015-Sep-26 10:18:56,PHD1018
zitasemien@iiitd.ac.in,Zita Semien,"102 High St, Bidford-on-Avon, Alcester, Warwickshire B50 4AF, India",9654003030,Electronics and Communication,VLSI,Distributed Systems,Embedded System,Male,SC,No,28-09-91,No,Gus Semien,Indian,"102 High St, Bidford-on-Avon, Alcester, Warwickshire B50 4AF, UK",195174,CBSE,77,2007,CBSE,89,2009,B.Tech,Electronics and Communication,Delhi Technological University,Delhi Technological University,New Delhi,Delhi,2013,Marks:86,Yes,VLSI,Distributed Systems,Embedded System,,Yes,M.Tech,Electronics and Communication,Delhi Technological University,Random Title,New Delhi,Delhi,2015,Marks:89,,,,,,,Yes,Electronics and Communication,2013,78,819,4646,,2015-Jun-09 05:19:52,PHD1019
vernelltenner@iiitd.ac.in,Vernell Tenner,"31A Camberwell Station Rd, Camberwell, London SE5 9JJ, India",9951354542,Computational Biology,Image Processing,Data Processing,Molecular Biology,Female,General,No,24-01-91,No,Sid Tenner,Indian,"31A Camberwell Station Rd, Camberwell, London SE5 9JJ, UK",383488,ICSE,78,2007,ICSE,74,2009,B.Tech,Information Technology,IT - BHU,IT - BHU,Varanasi,Uttar Pradesh,2013,Marks:82,No,Image Processing,Data Processing,Molecular Biology,,Yes,M.Tech,Information Technology,IT - BHU,Random Title,Varanasi,Uttar Pradesh,2015,Marks:74,,,,,,,Yes,Computer Science And IT,2013,77,808,4646,,2015-Apr-26 12:33:21,PHD1020
ramonitapeebles@iiitd.ac.in,Ramonita Peebles,"Broadhead Rd, Bolton, Blackburn with Darwen BL7, India",9911022043,Computer Science,Mobile Computing,,,Male,ST,No,01-08-91,No,Angel Peebles,Indian,"Broadhead Rd, Bolton, Blackburn with Darwen BL7, UK",195634,ICSE,92,2007,ICSE,88,2009,B.Tech,Computer Science,VJTI,VJTI,Mumbai,Maharashtra,2013,Marks:85,No,Mobile Computing,Data Processing,Wireless Network,,Yes,M.Tech,Computer Science,VJTI,Random Title,Mumbai,Maharashtra,2015,Marks:88,,,,,,,Yes,Computer Science And IT,2013,85,892,2828,,2015-Jan-19 07:23:34,PHD1021
juniesaffold@iiitd.ac.in,Junie Saffold,"3 Savoy Parade, Enfield, Greater London EN1 1RT, India",9823807309,Electronics and Communication,Compilers,VLSI,Embedded System,Female,General,No,09-02-91,No,Virgil Saffold,Indian,"3 Savoy Parade, Enfield, Greater London EN1 1RT, UK",560346,ICSE,85,2007,ICSE,77,2009,B.Tech,Electronics and Communication,Motilal Nehru National Institute of Technology,Motilal Nehru National Institute of Technology,Allahabad,Uttar Pradesh,2013,Marks:86,Yes,Compilers,VLSI,Embedded System,,Yes,M.Tech,Electronics and Communication,Motilal Nehru National Institute of Technology,Random Title,Allahabad,Uttar Pradesh,2015,Marks:77,,,,,,,Yes,Electronics and Communication,2013,96,989,303,Thesis work accepted in International Academic & Research Conference India 2014 ,2015-Jun-26 00:58:27,PHD1022
erynnapoli@iiitd.ac.in,Eryn Napoli,"42 Lyndhurst Rd, Bexleyheath, Greater London DA7 6DF, India",9421463053,Computational Biology,Molecular Mechanics,,,Male,General,Yes,20-03-91,No,Monty Napoli,Indian,"42 Lyndhurst Rd, Bexleyheath, Greater London DA7 6DF, UK",334922,CBSE,84,2007,CBSE,75,2009,B.Tech,Computer Science,MANIT,MANIT,Bhopal,Madhya Pradesh,2013,Marks:76,No,Molecular Mechanics,BioSimulations,Cell Biology,,Yes,M.Tech,Computer Science,MANIT,Random Title,Bhopal,Madhya Pradesh,2015,Marks:75,,,,,,,Yes,Computer Science And IT,2013,70,735,6565,,2015-Mar-08 01:05:16,PHD1023
trudiewnuk@iiitd.ac.in,Trudie Wnuk,"7A Parklands, Nanpean, Saint Austell, Cornwall PL26 7YR, India",9938529679,Computer Science,Information Security,,,Male,OBC,No,04-12-91,No,Norberto Wnuk,Indian,"7A Parklands, Nanpean, Saint Austell, Cornwall PL26 7YR, UK",799849,CBSE,77,2007,CBSE,87,2009,B.Tech,Computer Science,IIT-Kharagpur,IIT,Kharagpur,West Bengal,2013,Marks:83,No,Information Security,Mobile Computing,Image Analysis,,Yes,M.Tech,Computer Science,IIT-Kharagpur,Random Title,Kharagpur,West Bengal,2015,Marks:87,,,,,,,No,,2013,84,882,2727,,2015-Mar-25 09:20:55,PHD1024
thomasinaalcantara@iiitd.ac.in,Thomasina Alcantara,"4 Mains Rd, Ballantrae, Girvan, South Ayrshire KA26 0NJ, India",9975933393,Electronics and Communication,VLSI,Embedded Systems,,Male,General,No,22-01-86,No,Hayden Alcantara,Indian,"4 Mains Rd, Ballantrae, Girvan, South Ayrshire KA26 0NJ, UK",439317,CBSE,86,2002,CBSE,72,2004,B.Tech,Electronics and Communication,College of Engineering,Savitribai Phule Pune University ,Pune,Maharashtra,2008,Marks:97,Yes,VLSI,Embedded Systems,Compilers,,Yes,M.Tech,Electronics and Communication,College of Engineering,Random Title,Pune,Maharashtra,2010,Marks:72,,,,,,,No,,2008,77,808,4343,,2015-Jan-14 17:41:07,PHD1025
delaineformica@iiitd.ac.in,Delaine Formica,"11 Portpool Ln, London EC1N, India",7879417879,Computational Biology,Image Processing,Mathematical Biology,,Male,General,No,04-07-86,No,Jaime Formica,Indian,"11 Portpool Ln, London EC1N, UK",649784,ICSE,79,2002,ICSE,77,2004,B.Tech,Computer Science,PSG College of Technology,Anna University,Coimbatore,Tamil Nadu,2008,Marks:81,No,Image Processing,Mathematical Biology,Cell Biology,,Yes,M.Tech,Computer Science,PSG College of Technology,Random Title,Coimbatore,Tamil Nadu,2010,Marks:77,,,,,,,No,,2008,73,766,5353,,2015-Jan-24 15:50:04,PHD1026
eloissigala@iiitd.ac.in,Elois Sigala,"1 Williams Cl, Penyffordd, Chester, Flintshire CH4 0NG, India",9540474455,Computer Science,Mobile Computing,Data Processing,Mobile Computing,Female,General,No,06-08-86,No,Bobby Sigala,Indian,"1 Williams Cl, Penyffordd, Chester, Flintshire CH4 0NG, UK",905948,CBSE,70,2002,CBSE,91,2004,B.Tech,Information Technology,Bengal Engineering & Science University (BESU),Bengal Engineering & Science University (BESU),Shibput,West Bengal,2008,Marks:76,No,Mobile Computing,Data Processing,Network Security,Image Analyis,No,,,,,,,,,,,,,,,No,,2008,93,976,505,,2015-Jun-14 10:37:53,PHD1027
kandisbaron@iiitd.ac.in,Kandis Baron,"33 Campion Cres, Cranbrook, Kent TN17 3QJ, India",9312237451,Electronics and Communication,Compilers,Distributed Systems,Embedded System,Male,SC,No,19-10-86,No,Patricia Baron,Indian,"33 Campion Cres, Cranbrook, Kent TN17 3QJ, UK",557349,CBSE,84,2002,CBSE,70,2004,B.Tech,Electronics and Communication,BIT,BIT,Mesra,Jharkhand,2008,Marks:79,Yes,Compilers,Distributed Systems,Embedded System,,Yes,M.Tech,Electronics and Communication,BIT,Random Title,Mesra,Jharkhand,2010,Marks:70,,,,,,,No,,2008,79,829,3737,,2015-Sep-14 18:11:00,PHD1028
celinavalentino@iiitd.ac.in,Celina Valentino,"6 Bank St, Greenlaw, Duns, Scottish Borders TD10 6XX, India",8652494041,Computational Biology,BioSimulations,Data Processing,Molecular Biology,Female,General,No,03-07-88,No,Kenny Valentino,Indian,"6 Bank St, Greenlaw, Duns, Scottish Borders TD10 6XX, UK",803458,CBSE,90,2004,CBSE,74,2006,B.Tech,Computer Science,IIT-Mumbai,IIT,Mumbai,Maharashtra,2010,Marks:89,No,BioSimulations,Data Processing,Molecular Biology,,Yes,M.Tech,Computer Science,IIT-Mumbai,Random Title,Mumbai,Maharashtra,2012,Marks:74,,,,,,,No,,2010,79,829,3737,,2015-Aug-08 14:52:41,PHD1029
clarencemclaughin@iiitd.ac.in,Clarence Mclaughin,"Sunderland Hwy, Sunderland, Tyne and Wear SR5, India",9999024521,Computer Science,Information Security,,,Male,ST,No,24-01-89,No,Glenn Mclaughin,Saudi,"Sunderland Hwy, Sunderland, Tyne and Wear SR5, UK",804736,ICSE,87,2005,ICSE,92,2007,B.Tech,Computer Science,NIT-Surathkal,NIT,Surathkal,Karnataka,2011,Marks:74,No,Information Security,Data Processing,Image Analysis,,Yes,M.Tech,Computer Science,NIT-Surathkal,Random Title,Surathkal,Karnataka,2013,CGPA:9.0,,,,,,,No,,2011,77,808,5252,,2015-Jan-04 05:48:25,PHD1030
muirozek@iiitd.ac.in,Mui Rozek,"3 Country Park View, Bignall End, Stoke-on-Trent, Staffordshire ST7 8NZ, India",9599775300,Electronics and Communication,VLSI,Embedded Systems,Embedded System,Male,General,No,26-07-89,No,Ian Rozek,Indian,"3 Country Park View, Bignall End, Stoke-on-Trent, Staffordshire ST7 8NZ, UK",402604,CBSE,85,2005,CBSE,79,2007,B.Tech,Electronics and Communication,NIT-Warangal,NIT,Warangal,Andhra Pradesh,2011,Marks:88,Yes,VLSI,Embedded Systems,Embedded System,,Yes,M.Tech,Electronics and Communication,NIT-Warangal,Random Title,Warangal,Andhra Pradesh,2013,Marks:75,,,,,,,No,,2011,87,913,2323,,2015-Jul-04 16:42:27,PHD1031
lesafomby@iiitd.ac.in,Lesa Fomby,"22 Southwold Pl, Cramlington, Northumberland NE23 8HE, India",8939033524,Computational Biology,Image Processing,,,Male,General,No,17-02-90,No,Eddy Fomby,Indian,"22 Southwold Pl, Cramlington, Northumberland NE23 8HE, UK",439246,State Board,80,2006,State Board,79,2008,B.Tech,Computer Science,Harcourt Butler Technological Institute,UPTU,Kanpur,Uttar Pradesh,2012,Marks:77,No,Image Processing,BioSimulations,Mathematical Biology,,Yes,M.Tech,Computer Science,Harcourt Butler Technological Institute,Random Title,Kanpur,Uttar Pradesh,2014,CGPA:8.4,,,,,,,No,,2012,92,966,1111,,2015-Sep-11 06:05:46,PHD1032
edgardobeecher@iiitd.ac.in,Edgardo Beecher,"14 Ardarroch Ct, Aberdeen, Aberdeen City AB24 5QZ, India",9597767749,Computer Science,Mobile Computing,,,Male,OBC,No,22-03-90,Yes,Steven Beecher,French,"14 Ardarroch Ct, Aberdeen, Aberdeen City AB24 5QZ, UK",165165,CBSE,86,2006,CBSE,91,2008,B.Tech,Computer Science,Netaji Subhas Institute of Technology,Delhi University,New Delhi,Delhi,2012,Marks:75,No,Mobile Computing,Network Security,Wireless Network,,Yes,M.Tech,Computer Science,Netaji Subhas Institute of Technology,Random Title,New Delhi,Delhi,2014,CGPA:7.8,,,,,,,Yes,Computer Science And IT,2012,75,787,5757,,2015-May-15 06:29:42,PHD1033
freddymikels@iiitd.ac.in,Freddy Mikels,"37-41 Eastwoodbury Cres, Southend-on-Sea, Southend-on-Sea SS2 6XG, India",9650826230,Electronics and Communication,Compilers,Embedded Systems,,Female,General,No,28-03-90,No,Thanh Mikels,Indian,"37-41 Eastwoodbury Cres, Southend-on-Sea, Southend-on-Sea SS2 6XG, UK",740517,ICSE,83,2006,ICSE,94,2008,B.Tech,Electronics and Communication,IIT-Delhi,IIT,New Delhi,Delhi,2012,Marks:87,Yes,Compilers,Embedded Systems,VLSI,,Yes,M.Tech,Electronics and Communication,IIT-Delhi,Random Title,New Delhi,Delhi,2014,CGPA:7.2,,,,,,,No,,2012,71,745,7373,,2015-Jul-12 22:14:25,PHD1034
quintonuhrich@iiitd.ac.in,Quinton Uhrich,"2 Court Ln, Hadlow, Tonbridge, Kent TN11 0DP, India",7415173953,Computational Biology,Molecular Mechanics,Mathematical Biology,,Male,General,No,17-01-91,No,Isaias Uhrich,Indian,"2 Court Ln, Hadlow, Tonbridge, Kent TN11 0DP, UK",614033,ICSE,72,2007,ICSE,70,2009,B.Tech,Computer Science,IIIT-Hyderabad,IIIT-Hyderabad,Hyderabad,Andhra Pradesh,2013,Marks:72,No,Molecular Mechanics,Mathematical Biology,BioSimulations,,Yes,M.Tech,Computer Science,IIIT-Hyderabad,Random Title,Hyderabad,Andhra Pradesh,2015,Marks:72,,,,,,,Yes,Computer Science And IT,2013,72,756,6969,,2015-Sep-06 14:20:03,PHD1035
monserrateyou@iiitd.ac.in,Monserrate You,"37-41 Anne Rd, Smethwick, West Midlands B66 2NZ, India",7506939626,Computer Science,Information Security,Data Processing,Mobile Computing,Female,General,No,28-05-91,No,Brent You,Indian,"37-41 Anne Rd, Smethwick, West Midlands B66 2NZ, UK",301660,ICSE,73,2007,ICSE,74,2009,B.Tech,Information Technology,Delhi Technological University,Delhi Technological University,New Delhi,Delhi,2013,Marks:77,No,Information Security,Data Processing,Mobile Computing,,Yes,M.Tech,Information Technology,Delhi Technological University,Random Title,New Delhi,Delhi,2015,Marks:80,,,,,,,No,,2013,84,882,2929,,2015-Jan-09 07:36:03,PHD1036
cierrachaires@iiitd.ac.in,Cierra Chaires,"8 The Crescent, Aberkenfig, Bridgend, Bridgend CF32 9PU, India",9026662707,Electronics and Communication,VLSI,Distributed Systems,Embedded System,Male,SC,No,13-07-91,No,Floyd Chaires,Indian,"8 The Crescent, Aberkenfig, Bridgend, Bridgend CF32 9PU, UK",769722,State Board,88,2007,State Board,86,2009,B.Tech,Electronics and Communication,IT - BHU,IT - BHU,Varanasi,Uttar Pradesh,2013,Marks:83,Yes,VLSI,Distributed Systems,Embedded System,,Yes,M.Tech,Electronics and Communication,IT - BHU,Random Title,Varanasi,Uttar Pradesh,2015,Marks:77,,,,,,,No,,2013,72,756,6767,,2015-Sep-20 19:08:29,PHD1037
earleenhughey@iiitd.ac.in,Earleen Hughey,"28 Holm Grove, Uxbridge, Greater London UB10 9LZ, India",8425023390,Computational Biology,Image Processing,Data Processing,Molecular Biology,Male,General,Yes,09-08-91,No,Duane Hughey,Pakistani,"28 Holm Grove, Uxbridge, Greater London UB10 9LZ, UK",476143,ICSE,72,2007,ICSE,70,2009,B.Tech,Computer Science,VJTI,VJTI,Mumbai,Maharashtra,2013,Marks:70,No,Image Processing,Data Processing,Molecular Biology,,Yes,M.Tech,Computer Science,VJTI,Random Title,Mumbai,Maharashtra,2015,Marks:69,,,,,,,Yes,Computer Science And IT,2013,88,924,1717,,2015-May-09 00:34:56,PHD1038
evettefurey@iiitd.ac.in,Evette Furey,"11 Leacroft, Willenhall, West Midlands WV12 5JZ, India",9654003030,Computer Science,Mobile Computing,,,Male,ST,No,20-09-91,No,Reed Furey,Indian,"11 Leacroft, Willenhall, West Midlands WV12 5JZ, UK",748074,CBSE,83,2007,CBSE,97,2009,B.Tech,Computer Science,Motilal Nehru National Institute of Technology,Motilal Nehru National Institute of Technology,Allahabad,Uttar Pradesh,2013,Marks:74,No,Mobile Computing,Data Processing,Wireless Network,,Yes,M.Tech,Computer Science,Motilal Nehru National Institute of Technology,Random Title,Allahabad,Uttar Pradesh,2015,Marks:84,,,,,,,Yes,Computer Science And IT,2013,70,735,7171,,2015-Aug-16 21:44:27,PHD1039
vannesadelgado@iiitd.ac.in,Vannesa Delgado,"Edale Cl, Washington, Tyne and Wear NE38, India",9951354542,Electronics and Communication,Compilers,VLSI,Embedded System,Male,General,No,15-10-91,No,Adolfo Delgado,Indian,"Edale Cl, Washington, Tyne and Wear NE38, UK",582825,State Board,81,2007,State Board,87,2009,B.Tech,Electronics and Communication,MANIT,MANIT,Bhopal,Madhya Pradesh,2013,CGPA:9.0,Yes,Compilers,VLSI,Embedded System,,Yes,M.Tech,Electronics and Communication,MANIT,Random Title,Bhopal,Madhya Pradesh,2015,CGPA:8.4,,,,,,,Yes,Electronics and Communication,2013,95,997,101,,2015-Aug-11 03:53:22,PHD1040
oziebraddock@iiitd.ac.in,Ozie Braddock,"A493, Arthog, Gwynedd LL39 1YY, India",9911022043,Computational Biology,BioSimulations,,,Female,General,No,10-03-91,No,Charles Braddock,Indian,"A493, Arthog, Gwynedd LL39 1YY, UK",430252,State Board,91,2007,State Board,71,2009,B.Tech,Computer Science,IIT-Kharagpur,IIT,Kharagpur,West Bengal,2013,Marks:75,No,BioSimulations,Cell Biology,Mathematical Biology,,Yes,M.Tech,Computer Science,IIT-Kharagpur,Random Title,Kharagpur,West Bengal,2015,CGPA:7.2,,,,,,,Yes,Computer Science And IT,2013,93,976,808,,2015-Jan-30 19:19:45,PHD1041
lelahglynn@iiitd.ac.in,Lelah Glynn,"61 Crichton St, Glasgow, Glasgow City G21 1BG, India",9823807309,Computer Science,Information Security,,,Male,OBC,No,28-05-91,Yes,Otha Glynn,Nepalese,"61 Crichton St, Glasgow, Glasgow City G21 1BG, UK",528876,CBSE,91,2007,CBSE,81,2009,B.Tech,Computer Science,College of Engineering,Savitribai Phule Pune University ,Pune,Maharashtra,2013,CGPA:8.4,No,Information Security,Wireless Network,Mobile Computing,,Yes,M.Tech,Computer Science,College of Engineering,Random Title,Pune,Maharashtra,2015,Marks:72,,,,,,,Yes,Computer Science And IT,2013,71,745,7373,,2015-Apr-03 19:32:11,PHD1042
janniecrimi@iiitd.ac.in,Jannie Crimi,"9C Craigie St, Aberdeen, Aberdeen City AB25 1EH, India",9421463053,Electronics and Communication,VLSI,Embedded Systems,,Female,General,No,15-06-91,No,Maxwell Crimi,Indian,"9C Craigie St, Aberdeen, Aberdeen City AB25 1EH, UK",710748,ICSE,91,2007,ICSE,73,2009,B.Tech,Electronics and Communication,PSG College of Technology,Anna University,Coimbatore,Tamil Nadu,2013,CGPA:7.8,Yes,VLSI,Embedded Systems,Compilers,,Yes,M.Tech,Electronics and Communication,PSG College of Technology,Random Title,Coimbatore,Tamil Nadu,2015,Marks:80,,,,,,,No,,2013,70,735,7575,,2015-Jun-15 17:09:34,PHD1043
ritabarksdale@iiitd.ac.in,Rita Barksdale,"Woodburn Dr, Whitley Bay, Tyne and Wear NE26, India",9938529679,Computational Biology,Image Processing,Mathematical Biology,,Male,General,No,13-06-91,No,Craig Barksdale,Indian,"Woodburn Dr, Whitley Bay, Tyne and Wear NE26, UK",973337,ICSE,90,2007,ICSE,82,2009,B.Tech,Information Technology,Bengal Engineering & Science University (BESU),Bengal Engineering & Science University (BESU),Shibput,West Bengal,2013,CGPA:7.2,No,Image Processing,Mathematical Biology,BioSimulations,,Yes,M.Tech,Information Technology,Bengal Engineering & Science University (BESU),Random Title,Shibput,West Bengal,2015,Marks:77,,,,,,,No,,2013,91,955,1212,,2015-Feb-27 18:52:47,PHD1044
troybellinger@iiitd.ac.in,Troy Bellinger,"Stanley Cl, Farnham, Surrey GU9 9EU, India",9975933393,Computer Science,Mobile Computing,Data Processing,Mobile Computing,Male,General,No,21-11-91,No,Billie Bellinger,Indian,"Stanley Cl, Farnham, Surrey GU9 9EU, UK",393709,ICSE,92,2007,ICSE,93,2009,B.Tech,Computer Science,BIT,BIT,Mesra,Jharkhand,2013,Marks:72,No,Mobile Computing,Data Processing,Image Analysis,Network Security,No,,,,,,,,,,,,,,,No,,2013,86,903,2424,,2015-Mar-03 12:55:52,PHD1045
junkocady@iiitd.ac.in,Junko Cady,"90 Earnsheugh Cir, Cove Bay, Aberdeen, Aberdeen City AB12 3RW, India",7879417879,Electronics and Communication,Compilers,Distributed Systems,Embedded System,Male,SC,No,29-03-91,No,Ashley Cady,Indian,"90 Earnsheugh Cir, Cove Bay, Aberdeen, Aberdeen City AB12 3RW, UK",110046,CBSE,76,2007,CBSE,90,2009,B.Tech,Electronics and Communication,IIT-Mumbai,IIT,Mumbai,Maharashtra,2013,Marks:80,Yes,Compilers,Distributed Systems,Embedded System,,Yes,M.Tech,Electronics and Communication,IIT-Mumbai,Random Title,Mumbai,Maharashtra,2015,Marks:84,,,,,,,No,,2013,70,735,7272,,2015-Jan-21 18:39:40,PHD1046
lilyluciano@iiitd.ac.in,Lily Luciano,"2 Main St, Polmont, Falkirk, Falkirk FK2 0QY, India",9540474455,Computational Biology,Molecular Mechanics,Data Processing,Molecular Biology,Male,General,No,21-07-91,No,Chris Luciano,Indian,"2 Main St, Polmont, Falkirk, Falkirk FK2 0QY, UK",136434,CBSE,77,2007,CBSE,79,2009,B.Tech,Computer Science,NIT-Surathkal,NIT,Surathkal,Karnataka,2013,Marks:77,No,Molecular Mechanics,Data Processing,Molecular Biology,,Yes,M.Tech,Computer Science,NIT-Surathkal,Random Title,Surathkal,Karnataka,2015,CGPA:8.4,,,,,,,No,,2013,75,787,5555,,2015-Mar-29 23:11:20,PHD1047
marthadrouin@iiitd.ac.in,Martha Drouin,"11 Mannings Cl, Saffron Walden, Essex CB11 4BD, India",9312237451,Computer Science,Information Security,,,Female,ST,No,26-09-91,No,Hershel Drouin,Indian,"11 Mannings Cl, Saffron Walden, Essex CB11 4BD, UK",766712,CBSE,73,2007,CBSE,81,2009,B.Tech,Computer Science,NIT-Warangal,NIT,Warangal,Andhra Pradesh,2013,Marks:69,No,Information Security,Data Processing,Mobile Computing,,Yes,M.Tech,Computer Science,NIT-Warangal,Random Title,Warangal,Andhra Pradesh,2015,Marks:74,,,,,,,No,,2013,84,882,2929,,2015-Jun-28 19:09:56,PHD1048
diedraabdo@iiitd.ac.in,Diedra Abdo,"3 Poplars Dr, Marldon, Paignton, Devon TQ3 1NS, India",8652494041,Electronics and Communication,VLSI,Embedded Systems,Embedded System,Male,General,No,15-12-91,No,Santo Abdo,Indian,"3 Poplars Dr, Marldon, Paignton, Devon TQ3 1NS, UK",499077,ICSE,92,2007,ICSE,77,2009,B.Tech,Electronics and Communication,Harcourt Butler Technological Institute,UPTU,Kanpur,Uttar Pradesh,2013,Marks:84,Yes,VLSI,Embedded Systems,Embedded System,,Yes,M.Tech,Electronics and Communication,Harcourt Butler Technological Institute,Random Title,Kanpur,Uttar Pradesh,2015,Marks:70,,,,,,,No,,2013,94,987,505,,2015-Aug-11 03:47:21,PHD1049
lorenzonakano@iiitd.ac.in,Lorenzo Nakano,"1 St James Rd, Hereford, Herefordshire HR1 2QL, India",9999024521,Computational Biology,Image Processing,,,Female,General,No,31-12-85,No,Frankie Nakano,Indian,"1 St James Rd, Hereford, Herefordshire HR1 2QL, UK",752853,CBSE,86,2001,CBSE,86,2003,B.Tech,Computer Science,Netaji Subhas Institute of Technology,Delhi University,New Delhi,Delhi,2007,CGPA:8.4,No,Image Processing,BioSimulations,Cell Biology,,Yes,M.Tech,Computer Science,Netaji Subhas Institute of Technology,Random Title,New Delhi,Delhi,2009,Marks:81,,,,,,,No,,2007,79,829,4242,,2015-Jul-21 06:25:16,PHD1050
nylarector@iiitd.ac.in,Nyla Rector,"85 Bernard St, Southampton, Southampton SO14 3EG, India",9599775300,Computer Science,Mobile Computing,,,Male,OBC,No,21-04-86,No,Dennis Rector,Indian,"85 Bernard St, Southampton, Southampton SO14 3EG, UK",782645,CBSE,85,2002,CBSE,97,2004,B.Tech,Computer Science,IIT-Delhi,IIT,New Delhi,Delhi,2008,Marks:74,No,Mobile Computing,Wireless Network,Network Security,,Yes,M.Tech,Computer Science,IIT-Delhi,Random Title,New Delhi,Delhi,2010,Marks:74,,,,,,,No,,2008,97,918,1919,,2015-Jul-10 00:54:04,PHD1051
billiehollowell@iiitd.ac.in,Billie Hollowell,"3 Homfray Ave, Morecambe, Lancashire LA3 3AG, India",8939033524,Electronics and Communication,Compilers,Embedded Systems,,Male,General,No,27-04-86,No,Jame Hollowell,Indian,"3 Homfray Ave, Morecambe, Lancashire LA3 3AG, UK",154943,CBSE,83,2002,CBSE,73,2004,B.Tech,Electronics and Communication,IIIT-Hyderabad,IIIT-Hyderabad,Hyderabad,Andhra Pradesh,2008,Marks:70,Yes,Compilers,Embedded Systems,VLSI,,Yes,M.Tech,Electronics and Communication,IIIT-Hyderabad,Random Title,Hyderabad,Andhra Pradesh,2010,Marks:84,,,,,,,Yes,Electronics and Communication,2008,82,861,3535,,2015-Sep-21 19:24:27,PHD1052
georgiannabroxton@iiitd.ac.in,Georgianna Broxton,"2A School Ln, Poynton, Stockport, Cheshire East SK12 1AX, India",9597767749,Computational Biology,BioSimulations,Mathematical Biology,,Male,General,Yes,26-01-87,No,Chase Broxton,Indian,"2A School Ln, Poynton, Stockport, Cheshire East SK12 1AX, UK",480992,ICSE,75,2003,ICSE,86,2005,B.Tech,Computer Science,Delhi Technological University,Delhi Technological University,New Delhi,Delhi,2009,Marks:81,No,BioSimulations,Mathematical Biology,Cell Biology,,Yes,M.Tech,Computer Science,Delhi Technological University,Random Title,New Delhi,Delhi,2011,Marks:84,,,,,,,No,,2009,83,871,3232,,2015-Jan-08 23:30:14,PHD1053
jarvissama@iiitd.ac.in,Jarvis Sama,"79 Loom Ln, Radlett, Hertfordshire WD7 8NY, India",9650826230,Computer Science,Information Security,Data Processing,Mobile Computing,Male,General,No,21-04-87,No,Maxwell Sama,Indian,"79 Loom Ln, Radlett, Hertfordshire WD7 8NY, UK",469978,CBSE,76,2003,CBSE,96,2005,B.Tech,Computer Science,IT - BHU,IT - BHU,Varanasi,Uttar Pradesh,2009,Marks:74,No,Information Security,Data Processing,Mobile Computing,,Yes,M.Tech,Computer Science,IT - BHU,Random Title,Varanasi,Uttar Pradesh,2011,Marks:75,,,,,,,Yes,Computer Science And IT,2009,97,918,1717,,2015-Jun-12 04:15:53,PHD1054
ernestinaflohr@iiitd.ac.in,Ernestina Flohr,"Great Wyrley, Staffordshire, India",7415173953,Electronics and Communication,VLSI,Distributed Systems,Embedded System,Female,SC,No,23-08-87,No,Clark Flohr,Saudi,"Great Wyrley, Staffordshire, UK",615336,State Board,94,2003,State Board,71,2005,B.Tech,Electronics and Communication,VJTI,VJTI,Mumbai,Maharashtra,2009,Marks:84,Yes,VLSI,Distributed Systems,Embedded System,,Yes,M.Tech,Electronics and Communication,VJTI,Random Title,Mumbai,Maharashtra,2011,Marks:86,,,,,,,No,,2009,88,924,1515,,2015-Apr-28 10:52:20,PHD1055
deedramiddendorf@iiitd.ac.in,Deedra Middendorf,"122 The Broadway, Southend-on-Sea, Southend-on-Sea SS99 6HA, India",7506939626,Computational Biology,Image Processing,Data Processing,Molecular Biology,Male,General,No,03-09-87,No,Grady Middendorf,Indian,"122 The Broadway, Southend-on-Sea, Southend-on-Sea SS99 6HA, UK",632056,CBSE,79,2003,CBSE,89,2005,B.Tech,Computer Science,Motilal Nehru National Institute of Technology,Motilal Nehru National Institute of Technology,Allahabad,Uttar Pradesh,2009,Marks:84,No,Image Processing,Data Processing,Molecular Biology,,Yes,M.Tech,Computer Science,Motilal Nehru National Institute of Technology,Random Title,Allahabad,Uttar Pradesh,2011,Marks:86,,,,,,,No,,2009,86,903,2121,,2015-Apr-29 12:23:43,PHD1056
annicesantos@iiitd.ac.in,Annice Santos,"1 Horeb Rd, Kidwelly, Carmarthenshire SA17 4PB, India",9026662707,Computer Science,Mobile Computing,,,Female,ST,No,12-09-87,Yes,Raymon Santos,Indian,"1 Horeb Rd, Kidwelly, Carmarthenshire SA17 4PB, UK",495785,ICSE,96,2003,ICSE,71,2005,B.Tech,Computer Science,MANIT,MANIT,Bhopal,Madhya Pradesh,2009,Marks:75,No,Mobile Computing,Wireless Network,Network Security,,Yes,M.Tech,Computer Science,MANIT,Random Title,Bhopal,Madhya Pradesh,2011,Marks:82,,,,,,,Yes,Computer Science And IT,2009,75,787,4848,,2015-Mar-20 23:50:22,PHD1057
jonellduerr@iiitd.ac.in,Jonell Duerr,"Huntley Mill Rd, Ticehurst, Wadhurst, East Sussex TN5, India",8425023390,Electronics and Communication,Compilers,VLSI,Embedded System,Male,General,No,25-01-88,No,Franklin Duerr,French,"Huntley Mill Rd, Ticehurst, Wadhurst, East Sussex TN5, UK",598114,ICSE,80,2004,ICSE,90,2006,B.Tech,Electronics and Communication,IIT-Kharagpur,IIT,Kharagpur,West Bengal,2010,Marks:86,Yes,Compilers,VLSI,Embedded System,,Yes,M.Tech,Electronics and Communication,IIT-Kharagpur,Random Title,Kharagpur,West Bengal,2012,Marks:85,,,,,,,Yes,Electronics and Communication,2010,97,918,1515,,2015-Jun-21 12:33:45,PHD1058
wilbertstmarie@iiitd.ac.in,Wilbert Stmarie,"2 Storws Wen, Brynteg, Isle of Anglesey LL78 8JY, India",9654003030,Computational Biology,Molecular Mechanics,,,Male,General,No,14-09-88,No,Jerrold Stmarie,Indian,"2 Storws Wen, Brynteg, Isle of Anglesey LL78 8JY, UK",803914,ICSE,70,2004,ICSE,89,2006,B.Tech,Information Technology,College of Engineering,Savitribai Phule Pune University ,Pune,Maharashtra,2010,Marks:86,No,Molecular Mechanics,BioSimulations,Cell Biology,,Yes,M.Tech,Information Technology,College of Engineering,Random Title,Pune,Maharashtra,2012,Marks:86,,,,,,,Yes,Computer Science And IT,2010,86,903,2020,,2015-Sep-16 18:13:34,PHD1059
verlabains@iiitd.ac.in,Verla Bains,"Elliots End, Scraptoft, Leicester, Leicestershire LE7, India",9951354542,Computer Science,Information Security,,,Male,OBC,No,20-03-89,No,Mitchell Bains,Indian,"Elliots End, Scraptoft, Leicester, Leicestershire LE7, UK",329738,State Board,72,2005,State Board,70,2007,B.Tech,Information Technology,PSG College of Technology,Anna University,Coimbatore,Tamil Nadu,2011,Marks:82,No,Information Security,Wireless Network,Mobile Computing,,Yes,M.Tech,Information Technology,PSG College of Technology,Random Title,Coimbatore,Tamil Nadu,2013,Marks:76,,,,,,,Yes,Computer Science And IT,2011,73,766,5151,,2015-Mar-12 22:17:33,PHD1060
katerudnick@iiitd.ac.in,Kate Rudnick,"42-44 Edwin Grove, Wallsend, Tyne and Wear NE28 0LH, India",9911022043,Electronics and Communication,VLSI,Embedded Systems,,Male,General,No,24-04-89,No,Heath Rudnick,Indian,"42-44 Edwin Grove, Wallsend, Tyne and Wear NE28 0LH, UK",457104,ICSE,77,2005,ICSE,92,2007,B.Tech,Electronics and Communication,Bengal Engineering & Science University (BESU),Bengal Engineering & Science University (BESU),Shibput,West Bengal,2011,Marks:85,Yes,VLSI,Embedded Systems,Compilers,,Yes,M.Tech,Electronics and Communication,Bengal Engineering & Science University (BESU),Random Title,Shibput,West Bengal,2013,Marks:83,,,,,,,Yes,Electronics and Communication,2011,93,976,505,,2015-Mar-16 04:10:48,PHD1061
candiecorrales@iiitd.ac.in,Candie Corrales,"2 Bargoed Villas, Pont-Henri, Llanelli, Carmarthenshire SA15 5PP, India",9823807309,Computational Biology,Image Processing,Mathematical Biology,,Female,General,No,07-03-90,No,Freddie Corrales,Indian,"2 Bargoed Villas, Pont-Henri, Llanelli, Carmarthenshire SA15 5PP, UK",594825,CBSE,90,2006,CBSE,80,2008,B.Tech,Computer Science,BIT,BIT,Mesra,Jharkhand,2012,Marks:86,No,Image Processing,Mathematical Biology,BioSimulations,,Yes,M.Tech,Computer Science,BIT,Random Title,Mesra,Jharkhand,2014,Marks:97,,,,,,,No,,2012,74,777,4848,,2015-Feb-05 09:54:32,PHD1062
lailamurchison@iiitd.ac.in,Laila Murchison,"3 Foel Y Rhiw, Nebo, Caernarfon, Gwynedd LL54 6EF, India",9421463053,Computer Science,Mobile Computing,Data Processing,Mobile Computing,Male,General,No,02-09-90,No,Rory Murchison,Pakistani,"3 Foel Y Rhiw, Nebo, Caernarfon, Gwynedd LL54 6EF, UK",339375,State Board,72,2006,State Board,76,2008,B.Tech,Computer Science,IIT-Mumbai,IIT,Mumbai,Maharashtra,2012,Marks:76,No,Mobile Computing,Data Processing,Mobile Computing,,Yes,M.Tech,Computer Science,IIT-Mumbai,Random Title,Mumbai,Maharashtra,2014,Marks:81,,,,,,,No,,2012,73,766,4848,,2015-Aug-12 03:42:55,PHD1063
shalonschueler@iiitd.ac.in,Shalon Schueler,"25 E Lodge Gardens, Kirkleatham, Redcar, Redcar and Cleveland TS11 8HL, India",9938529679,Electronics and Communication,Compilers,Distributed Systems,Embedded System,Female,SC,No,19-09-90,No,Delbert Schueler,Indian,"25 E Lodge Gardens, Kirkleatham, Redcar, Redcar and Cleveland TS11 8HL, UK",690995,State Board,88,2006,State Board,86,2008,B.Tech,Electronics and Communication,NIT-Surathkal,NIT,Surathkal,Karnataka,2012,Marks:83,Yes,Compilers,Distributed Systems,Embedded System,,Yes,M.Tech,Electronics and Communication,NIT-Surathkal,Random Title,Surathkal,Karnataka,2014,Marks:76,,,,,,,No,,2012,90,945,1111,,2015-Feb-10 19:46:51,PHD1064
connieikerd@iiitd.ac.in,Connie Ikerd,"Church Ln, Birmingham, Warwickshire B46 2QW, India",9975933393,Computational Biology,BioSimulations,Data Processing,Molecular Biology,Male,General,No,04-07-91,No,Cody Ikerd,Indian,"Church Ln, Birmingham, Warwickshire B46 2QW, UK",630260,CBSE,70,2007,CBSE,89,2009,B.Tech,Computer Science,NIT-Warangal,NIT,Warangal,Andhra Pradesh,2013,Marks:97,No,BioSimulations,Data Processing,Molecular Biology,,Yes,M.Tech,Computer Science,NIT-Warangal,Random Title,Warangal,Andhra Pradesh,2015,Marks:79,,,,,,,No,,2013,81,850,4343,,2015-Apr-28 09:47:28,PHD1065
santinagunnels@iiitd.ac.in,Santina Gunnels,"35 Linton Rd, Rosliston, Swadlincote, Derbyshire DE12 8JB, India",7879417879,Computer Science,Information Security,,,Male,ST,No,03-10-91,No,Columbus Gunnels,Indian,"35 Linton Rd, Rosliston, Swadlincote, Derbyshire DE12 8JB, UK",732742,ICSE,92,2007,ICSE,88,2009,B.Tech,Computer Science,Harcourt Butler Technological Institute,UPTU,Kanpur,Uttar Pradesh,2013,Marks:81,No,Information Security,Data Processing,Mobile Computing,,Yes,M.Tech,Computer Science,Harcourt Butler Technological Institute,Random Title,Kanpur,Uttar Pradesh,2015,Marks:89,,,,,,,No,,2013,72,756,6969,,2015-Jul-05 01:48:23,PHD1066
micaglasscock@iiitd.ac.in,Mica Glasscock,"Hurst Ln, London SE2, India",9540474455,Electronics and Communication,VLSI,Embedded Systems,Embedded System,Male,General,No,11-03-91,No,Rick Glasscock,Nepalese,"Hurst Ln, London SE2, UK",572388,ICSE,73,2007,ICSE,83,2009,B.Tech,Electronics and Communication,Netaji Subhas Institute of Technology,Delhi University,New Delhi,Delhi,2013,Marks:76,Yes,VLSI,Embedded Systems,Embedded System,,Yes,M.Tech,Electronics and Communication,Netaji Subhas Institute of Technology,Random Title,New Delhi,Delhi,2015,Marks:74,,,,,,,No,,2013,77,808,5050,,2015-Aug-03 14:33:30,PHD1067
loreangibson@iiitd.ac.in,Lorean Gibson,"247 Wallacewell Rd, Glasgow, Glasgow City G21 3PS, India",9312237451,Computational Biology,Image Processing,,,Male,General,Yes,30-06-91,No,Waldo Gibson,Indian,"247 Wallacewell Rd, Glasgow, Glasgow City G21 3PS, UK",563180,ICSE,87,2007,ICSE,90,2009,B.Tech,Information Technology,IIT-Delhi,IIT,New Delhi,Delhi,2013,Marks:79,No,Image Processing,BioSimulations,Mathematical Biology,,Yes,M.Tech,Information Technology,IIT-Delhi,Random Title,New Delhi,Delhi,2015,Marks:88,,,,,,,No,,2013,84,882,2929,,2015-Jul-03 04:50:28,PHD1068
justinemoriarty@iiitd.ac.in,Justine Moriarty,"151 Cheltenham Gardens, Hedge End, Southampton, Hampshire SO30 4UE, India",8652494041,Computer Science,Mobile Computing,,,Female,OBC,No,16-09-91,No,Wade Moriarty,Indian,"151 Cheltenham Gardens, Hedge End, Southampton, Hampshire SO30 4UE, UK",945866,CBSE,76,2007,CBSE,84,2009,B.Tech,Computer Science,IIIT-Hyderabad,IIIT-Hyderabad,Hyderabad,Andhra Pradesh,2013,Marks:89,No,Mobile Computing,Network Security,Wireless Network,,Yes,M.Tech,Computer Science,IIIT-Hyderabad,Random Title,Hyderabad,Andhra Pradesh,2015,Marks:77,,,,,,,No,,2013,86,903,2424,,2015-Feb-24 06:37:34,PHD1069
adahneufeld@iiitd.ac.in,Adah Neufeld,"105 Piccadilly, Wolverhampton, West Midlands WV1 9FN, India",9999024521,Electronics and Communication,Compilers,Embedded Systems,,Male,General,No,18-12-91,No,Lesley Neufeld,Indian,"105 Piccadilly, Wolverhampton, West Midlands WV1 9FN, UK",951369,CBSE,89,2007,CBSE,72,2009,B.Tech,Electronics and Communication,Delhi Technological University,Delhi Technological University,New Delhi,Delhi,2013,Marks:74,Yes,Compilers,Embedded Systems,VLSI,,Yes,M.Tech,Electronics and Communication,Delhi Technological University,Random Title,New Delhi,Delhi,2015,Marks:75,,,,,,,No,,2013,91,955,1212,,2015-May-28 10:26:06,PHD1070
broderickpadro@iiitd.ac.in,Broderick Padro,"8 Kylerhea, Breakish, Isle of Skye, Highland IV42 8NH, India",9599775300,Computational Biology,Molecular Mechanics,Mathematical Biology,,Female,General,No,21-04-91,No,Johnathon Padro,Indian,"8 Kylerhea, Breakish, Isle of Skye, Highland IV42 8NH, UK",501156,CBSE,82,2007,CBSE,87,2009,B.Tech,Computer Science,IT - BHU,IT - BHU,Varanasi,Uttar Pradesh,2013,Marks:88,No,Molecular Mechanics,Mathematical Biology,BioSimulations,,Yes,M.Tech,Computer Science,IT - BHU,Random Title,Varanasi,Uttar Pradesh,2015,Marks:87,,,,,,,Yes,Computer Science And IT,2013,82,861,3737,,2015-Aug-06 05:26:39,PHD1071
ryanpriddy@iiitd.ac.in,Ryan Priddy,"184 Luckwell Rd, Bristol, City of Bristol BS3 3HE, India",8939033524,Electronics and Communication,VLSI,Data Processing,Mobile Computing,Male,General,No,14-09-91,Yes,Don Priddy,Indian,"184 Luckwell Rd, Bristol, City of Bristol BS3 3HE, UK",133179,ICSE,93,2007,ICSE,75,2009,B.Tech,Electronics and Communication,VJTI,VJTI,Mumbai,Maharashtra,2013,Marks:77,Yes,VLSI,Data Processing,Mobile Computing,,Yes,M.Tech,Electronics and Communication,VJTI,Random Title,Mumbai,Maharashtra,2015,Marks:72,,,,,,,No,,2013,82,861,3737,,2015-Jun-23 07:14:58,PHD1072
cedricharvey@iiitd.ac.in,Cedric Harvey,"Lon Garmon, Abersoch, Pwllheli, Gwynedd LL53 7AN, India",9597767749,Computational Biology,Image Processing,Distributed Systems,Embedded System,Male,SC,No,17-11-91,No,Gregg Harvey,Indian,"Lon Garmon, Abersoch, Pwllheli, Gwynedd LL53 7AN, UK",151084,CBSE,85,2007,CBSE,70,2009,B.Tech,Computer Science,Motilal Nehru National Institute of Technology,Motilal Nehru National Institute of Technology,Allahabad,Uttar Pradesh,2013,Marks:75,No,Image Processing,Distributed Systems,Embedded System,,Yes,M.Tech,Computer Science,Motilal Nehru National Institute of Technology,Random Title,Allahabad,Uttar Pradesh,2015,Marks:77,,,,,,,Yes,Computer Science And IT,2013,87,913,2222,,2015-Feb-15 21:18:15,PHD1073
basiliaspagnolo@iiitd.ac.in,Basilia Spagnolo,"94 Spring Rd, St. Osyth, Clacton-on-Sea, Essex CO16 8RU, India",9650826230,Computer Science,Mobile Computing,Data Processing,Molecular Biology,Male,General,No,23-06-91,No,Derrick Spagnolo,Indian,"94 Spring Rd, St. Osyth, Clacton-on-Sea, Essex CO16 8RU, UK",439116,CBSE,91,2007,CBSE,77,2009,B.Tech,Computer Science,MANIT,MANIT,Bhopal,Madhya Pradesh,2013,Marks:87,No,Mobile Computing,Data Processing,Molecular Biology,,Yes,M.Tech,Computer Science,MANIT,Random Title,Bhopal,Madhya Pradesh,2015,Marks:83,,,,,,,No,,2013,81,850,4343,,2015-Jan-23 13:25:24,PHD1074
christruett@iiitd.ac.in,Chris Truett,"13 Murray Pl, Cambusbarron, Stirling, Stirling FK7 9PF, India",7415173953,Electronics and Communication,Compilers,,,Male,ST,No,30-11-85,No,Kraig Truett,Indian,"13 Murray Pl, Cambusbarron, Stirling, Stirling FK7 9PF, UK",417039,CBSE,96,2001,CBSE,87,2003,B.Tech,Electronics and Communication,IIT-Kharagpur,IIT,Kharagpur,West Bengal,2007,Marks:72,Yes,Compilers,VLSI,Embedded System,,Yes,M.Tech,Electronics and Communication,IIT-Kharagpur,Random Title,Kharagpur,West Bengal,2009,Marks:70,,,,,,,No,,2007,83,871,3434,,2015-Jul-20 23:39:40,PHD1075
rosalbahazen@iiitd.ac.in,Rosalba Hazen,"Church Hollow, Godshill, Ventnor, Isle of Wight PO38, India",7506939626,Computational Biology,Molecular Mechanics,VLSI,Embedded System,Female,General,No,14-04-86,No,Orville Hazen,Indian,"Church Hollow, Godshill, Ventnor, Isle of Wight PO38, UK",658876,ICSE,89,2002,ICSE,71,2004,B.Tech,Computer Science,College of Engineering,Savitribai Phule Pune University ,Pune,Maharashtra,2008,Marks:77,No,Molecular Mechanics,VLSI,Embedded System,,Yes,M.Tech,Computer Science,College of Engineering,Random Title,Pune,Maharashtra,2010,Marks:74,,,,,,,Yes,Computer Science And IT,2008,94,987,505,,2015-Jan-22 12:47:19,PHD1076
dwanaklock@iiitd.ac.in,Dwana Klock,"74-78 Great Whyte, Ramsey, Huntingdon, Cambridgeshire PE26 1HU, India",9026662707,Computer Science,Mobile Computing,,,Male,General,No,09-05-86,No,Chris Klock,Indian,"74-78 Great Whyte, Ramsey, Huntingdon, Cambridgeshire PE26 1HU, UK",656841,CBSE,82,2002,CBSE,86,2004,B.Tech,Computer Science,PSG College of Technology,Anna University,Coimbatore,Tamil Nadu,2008,Marks:83,No,Mobile Computing,Data Processing,Wireless Network,Network Security,No,,,,,,,,,,,,,,,Yes,Computer Science And IT,2008,76,798,5454,,2015-Mar-18 01:13:49,PHD1077
divinasecrist@iiitd.ac.in,Divina Secrist,"38 Central Rd, Morden, Greater London SM4 5RT, India",8425023390,Electronics and Communication,Compilers,,,Female,OBC,No,08-07-86,Yes,Todd Secrist,Indian,"38 Central Rd, Morden, Greater London SM4 5RT, UK",622540,State Board,78,2002,State Board,75,2004,B.Tech,Electronics and Communication,Bengal Engineering & Science University (BESU),Bengal Engineering & Science University (BESU),Shibput,West Bengal,2008,Marks:70,Yes,Compilers,VLSI,Embedded System,,Yes,M.Tech,Electronics and Communication,Bengal Engineering & Science University (BESU),Random Title,Shibput,West Bengal,2010,Marks:75,,,,,,,Yes,Electronics and Communication,2008,90,945,1414,,2015-Sep-02 22:33:19,PHD1078
sylvesterbudd@iiitd.ac.in,Sylvester Budd,"2 Rosemoor Cottages, Torrington, Devon EX38 8PH, India",9654003030,Computational Biology,Molecular Mechanics,,,Male,General,No,08-09-87,No,Augustus Budd,Indian,"2 Rosemoor Cottages, Torrington, Devon EX38 8PH, UK",850338,CBSE,76,2003,CBSE,78,2005,B.Tech,Computer Science,BIT,BIT,Mesra,Jharkhand,2009,Marks:74,No,Molecular Mechanics,BioSimulations,Cell Biology,,Yes,M.Tech,Computer Science,BIT,Random Title,Mesra,Jharkhand,2011,CGPA:8.4,,,,,,,Yes,Computer Science And IT,2009,83,871,3333,,2015-Jun-03 19:45:39,PHD1079
